P. Gonet,0
Claudius Graebner,0
Ángel del Río Fernández,0
Carl Engblom,0
Rouhollah Tavakoli,0
Yung Kyung Park,0
Eran Kahana,0
Iffat Jahan,0
Claudius Paul,0
Roulette Wm. Smith,0
Azhmukhamedov Iskander,0
M. Pappalardo,0
Ezra S. Krendel,0
P. Greussay,0
P. Groenveld,0
M. Peter J. Butler,0
P. Grossmann,0
Claudius Regn,0
Igal Kvart,0
M. Pilar García Armada,0
P. H. Benson,0
Iggy van Hoof,0
Carl E. Clark,0
Iginio Gagliardone,0
Zoraini Wati Abas,0
P. H. Blundell,0
Ignace I. Kolodner,0
P. H. Borcherds,0
Christopher Hendryx,0
Chong-Huan Xu,0
Yves Péraire,0
Rouven Buchtala,0
P. H. F. McGregor,0
P. H. Fuchs,0
P. H. Grinyer,0
Eckard Gehrke,0
Claus Brillowski,0
Claus Burger,0
Ignacio Diaz Bobillo,0
Eckard Lehmann,0
Rowan Miller,0
M. Pourquié,0
Carl David Evans,0
Deirdre Bonini,0
Song Hui,0
Claus Endres,0
P. H. Schönemann,0
Christopher Helland,0
M. Privosnik,0
Thomas W. McDowell,0
M. Pushpa Rani,0
P. H. Vickers,0
Azer Kerimov,0
Ignacio Raúl Rosas Román,0
Rowena Sinclair,0
M. R. Abbott,0
Azer Akhmedov,0
Claus Gerhardt,0
Rowena W. Swanson,0
Ignasi Capdevila,0
Weisheng Guo,0
Timothy M. Josserand,0
Deisy Piedade Munhoz Fischer,0
Deitra Sawh,0
Ignaz Hübl,0
Ignaz Thiemann,0
Roxana Melendez,0
Timothy M. Lownie,0
Thomas W. Satre,0
Igor A. Borovikov,0
P. Hazel,0
Angéline Nemeth,0
Thomas W. Schultz,0
M. R. Berthold,0
Claus Heinrich,0
Azeem Aleem,0
Igor Baník,0
Carl Bumiller,0
Claus Hilger,0
Claus Hohmann,0
M. R. Dua,0
V. Puke,0
P. Hieman,0
Carl Brans,0
Claus Koschinski,0
Xingfang Lu,0
Amber Tomas,0
Igor D. Dotlic,0
Roxanne Cobb,0
M. R. Forshaw,0
Igor Dolgachev,0
Xingguang Chen,0
M. R. G. Fiedler,0
Igor Drstvensek,0
Carl Benjamin Simmons,0
P. Huard,0
Roxanne E. Burkey,0
Claus M. Müller,0
Igor Francisco Arias Lopez,0
P. Hutchings,0
